Ticket,Date,Timezone,Transaction,Details,Instrument,Price,Units,Direction,Spread Cost,Stop Loss,Take Profit,Trailing Stop,Financing,Commission,Conversion Rate,P/L,Amount,Balance
1,09/26/2017 07:34:14 PM,PDT,CREATE,,,,,,,,,,,,,,,
2,09/26/2017 07:34:14 PM,PDT,CLIENT_CONFIGURE,,,,,,,,,,,,,,,
3,09/26/2017 07:38:35 PM,PDT,TRANSFER_FUNDS,,,,,,,,,,,,,,55.96,55.96
4,09/27/2017 07:21:26 PM,PDT,MARKET_ORDER,CLIENT_ORDER,USD/CAD,,100,Sell,,,1.24791,,,,,,,
5,09/27/2017 07:21:26 PM,PDT,ORDER_FILL,MARKET_ORDER,USD/CAD,1.24881,100,Sell,,,,,0.00000,0.0000,,0.00000,,55.96
6,09/27/2017 07:21:26 PM,PDT,TAKE_PROFIT_ORDER,ON_FILL,,1.24791,,,,,,,,,,,,
7,09/28/2017 01:13:11 AM,PDT,ORDER_FILL,TAKE_PROFIT_ORDER,USD/CAD,1.24791,100,Buy,,,,,-0.00060,0.0000,,0.07210,,56.03
8,10/04/2017 08:41:22 PM,PDT,MARKET_ORDER,CLIENT_ORDER,NZD/CHF,,1,Buy,,0.69601,0.69951,,,,,,,
9,10/04/2017 08:41:22 PM,PDT,ORDER_FILL,MARKET_ORDER,NZD/CHF,0.69801,1,Buy,,,,,0.00000,0.0000,,0.00000,,56.03
10,10/04/2017 08:41:22 PM,PDT,TAKE_PROFIT_ORDER,ON_FILL,,0.69951,,,,,,,,,,,,
11,10/04/2017 08:41:22 PM,PDT,STOP_LOSS_ORDER,ON_FILL,,0.69601,,,,,,,,,,,,
12,10/04/2017 09:59:51 PM,PDT,MARKET_ORDER,CLIENT_ORDER,USD/CAD,,1,Buy,,1.24496,1.25046,,,,,,,
13,10/04/2017 09:59:51 PM,PDT,ORDER_FILL,MARKET_ORDER,USD/CAD,1.24795,1,Buy,,,,,0.00000,0.0000,,0.00000,,56.03
14,10/04/2017 09:59:51 PM,PDT,TAKE_PROFIT_ORDER,ON_FILL,,1.25046,,,,,,,,,,,,
15,10/04/2017 09:59:51 PM,PDT,STOP_LOSS_ORDER,ON_FILL,,1.24496,,,,,,,,,,,,
16,10/05/2017 05:34:28 AM,PDT,ORDER_FILL,TAKE_PROFIT_ORDER,USD/CAD,1.25047,1,Sell,,,,,0.00000,0.0000,,0.00200,,56.03
17,10/05/2017 05:34:28 AM,PDT,ORDER_CANCEL,LINKED_TRADE_CLOSED,,,,,,,,,,,,,,
18,10/05/2017 12:32:38 PM,PDT,ORDER_FILL,STOP_LOSS_ORDER,NZD/CHF,0.69598,1,Sell,,,,,0.00000,0.0000,,-0.00210,,56.03
19,10/05/2017 12:32:38 PM,PDT,ORDER_CANCEL,LINKED_TRADE_CLOSED,,,,,,,,,,,,,,
20,10/11/2017 08:31:06 PM,PDT,MARKET_ORDER,CLIENT_ORDER,GBP/JPY,,100,Buy,,,149.02300,,,,,,,
21,10/11/2017 08:31:06 PM,PDT,ORDER_FILL,MARKET_ORDER,GBP/JPY,148.93300,100,Buy,,,,,0.00000,0.0000,,0.00000,,56.03
22,10/11/2017 08:31:06 PM,PDT,TAKE_PROFIT_ORDER,ON_FILL,,149.02300,,,,,,,,,,,,
23,10/11/2017 08:31:22 PM,PDT,MARKET_ORDER,TRADE_CLOSE,GBP/JPY,,100,Sell,,,,,,,,,,
24,10/11/2017 08:31:22 PM,PDT,ORDER_FILL,MARKET_ORDER_TRADE_CLOSE,GBP/JPY,148.89900,100,Sell,,,,,0.00000,0.0000,,-0.03030,,56.00
25,10/11/2017 08:31:22 PM,PDT,ORDER_CANCEL,LINKED_TRADE_CLOSED,,,,,,,,,,,,,,
26,10/11/2017 08:31:39 PM,PDT,MARKET_ORDER,CLIENT_ORDER,GBP/JPY,,100,Sell,,,,,,,,,,
27,10/11/2017 08:31:39 PM,PDT,ORDER_FILL,MARKET_ORDER,GBP/JPY,148.89400,100,Sell,,,,,0.00000,0.0000,,0.00000,,56.00
28,10/11/2017 08:32:17 PM,PDT,TAKE_PROFIT_ORDER,CLIENT_ORDER,,148.75700,,,,,,,,,,,,
29,10/11/2017 08:32:34 PM,PDT,ORDER_CANCEL,CLIENT_REQUEST_REPLACED,,,,,,,,,,,,,,
30,10/11/2017 08:32:34 PM,PDT,TAKE_PROFIT_ORDER,REPLACEMENT,,148.75800,,,,,,,,,,,,
31,10/11/2017 08:32:34 PM,PDT,STOP_LOSS_ORDER,CLIENT_ORDER,,149.15900,,,,,,,,,,,,
32,10/11/2017 11:37:53 PM,PDT,ORDER_FILL,TAKE_PROFIT_ORDER,GBP/JPY,148.75300,100,Buy,,,,,-0.00050,0.0000,,0.12560,,56.12
33,10/11/2017 11:37:53 PM,PDT,ORDER_CANCEL,LINKED_TRADE_CLOSED,,,,,,,,,,,,,,
34,10/16/2017 06:41:08 PM,PDT,MARKET_ORDER,CLIENT_ORDER,USD/CAD,,100,Sell,,1.25559,1.25159,,,,,,,
35,10/16/2017 06:41:08 PM,PDT,ORDER_FILL,MARKET_ORDER,USD/CAD,1.25349,100,Sell,,,,,0.00000,0.0000,,0.00000,,56.12
36,10/16/2017 06:41:08 PM,PDT,TAKE_PROFIT_ORDER,ON_FILL,,1.25159,,,,,,,,,,,,
37,10/16/2017 06:41:08 PM,PDT,STOP_LOSS_ORDER,ON_FILL,,1.25559,,,,,,,,,,,,
38,10/17/2017 07:01:31 AM,PDT,ORDER_FILL,STOP_LOSS_ORDER,USD/CAD,1.25559,100,Buy,,,,,-0.00140,0.0000,,-0.16730,,55.95
39,10/17/2017 07:01:31 AM,PDT,ORDER_CANCEL,LINKED_TRADE_CLOSED,,,,,,,,,,,,,,
40,10/17/2017 11:09:15 AM,PDT,MARKET_ORDER,CLIENT_ORDER,USD/CAD,,100,Buy,,,1.25521,,,,,,,
41,10/17/2017 11:09:15 AM,PDT,ORDER_FILL,MARKET_ORDER,USD/CAD,1.25461,100,Buy,,,,,0.00000,0.0000,,0.00000,,55.95
42,10/17/2017 11:09:15 AM,PDT,TAKE_PROFIT_ORDER,ON_FILL,,1.25521,,,,,,,,,,,,
43,10/17/2017 11:09:37 AM,PDT,ORDER_CANCEL,CLIENT_REQUEST_REPLACED,,,,,,,,,,,,,,
44,10/17/2017 11:09:37 AM,PDT,TAKE_PROFIT_ORDER,REPLACEMENT,,1.25567,,,,,,,,,,,,
45,10/17/2017 11:17:42 AM,PDT,ORDER_CANCEL,CLIENT_REQUEST_REPLACED,,,,,,,,,,,,,,
46,10/17/2017 11:17:42 AM,PDT,TAKE_PROFIT_ORDER,REPLACEMENT,,1.25569,,,,,,,,,,,,
47,10/17/2017 11:17:42 AM,PDT,STOP_LOSS_ORDER,CLIENT_ORDER,,1.25081,,,,,,,,,,,,
48,10/17/2017 01:00:00 PM,PDT,DAILY_FINANCING,,,,,,,,,,-0.00010,,,,,55.95
,10/17/2017 01:00:00 PM,PDT,DAILY_FINANCING,TradeID: 41,USD/CAD,,,,,,,,-0.00010,,,,,
49,10/17/2017 01:59:23 PM,PDT,MARKET_ORDER,CLIENT_ORDER,USD/CAD,,150,Buy,,1.25022,1.25382,,,,,,,
50,10/17/2017 01:59:23 PM,PDT,ORDER_FILL,MARKET_ORDER,USD/CAD,1.25232,150,Buy,,,,,0.00000,0.0000,,0.00000,,55.95
51,10/17/2017 01:59:23 PM,PDT,TAKE_PROFIT_ORDER,ON_FILL,,1.25382,,,,,,,,,,,,
52,10/17/2017 01:59:23 PM,PDT,STOP_LOSS_ORDER,ON_FILL,,1.25022,,,,,,,,,,,,
53,10/17/2017 03:51:55 PM,PDT,ORDER_CANCEL,CLIENT_REQUEST_REPLACED,,,,,,,,,,,,,,
54,10/17/2017 03:51:55 PM,PDT,TAKE_PROFIT_ORDER,REPLACEMENT,,1.25569,,,,,,,,,,,,
55,10/17/2017 03:51:55 PM,PDT,ORDER_CANCEL,CLIENT_REQUEST,,,,,,,,,,,,,,
56,10/17/2017 04:09:42 PM,PDT,ORDER_FILL,STOP_LOSS_ORDER,USD/CAD,1.25021,150,Sell,,,,,-0.00020,0.0000,,-0.25320,,55.70
57,10/17/2017 04:09:42 PM,PDT,ORDER_CANCEL,LINKED_TRADE_CLOSED,,,,,,,,,,,,,,
58,10/17/2017 04:10:55 PM,PDT,MARKET_ORDER,CLIENT_ORDER,USD/CAD,,150,Buy,,,1.25307,,,,,,,
59,10/17/2017 04:10:55 PM,PDT,ORDER_FILL,MARKET_ORDER,USD/CAD,1.25047,150,Buy,,,,,0.00000,0.0000,,0.00000,,55.70
60,10/17/2017 04:10:55 PM,PDT,TAKE_PROFIT_ORDER,ON_FILL,,1.25307,,,,,,,,,,,,
61,10/18/2017 02:58:40 AM,PDT,ORDER_FILL,TAKE_PROFIT_ORDER,USD/CAD,1.25311,150,Sell,,,,,-0.00050,0.0000,,0.31600,,56.01
62,10/18/2017 01:00:00 PM,PDT,DAILY_FINANCING,,,,,,,,,,-0.00090,,,,,56.01
,10/18/2017 01:00:00 PM,PDT,DAILY_FINANCING,TradeID: 41,USD/CAD,,,,,,,,-0.00090,,,,,
63,10/18/2017 05:27:45 PM,PDT,MARKET_ORDER,CLIENT_ORDER,USD/CAD,,101,Buy,,,1.24886,,,,,,,
64,10/18/2017 05:27:45 PM,PDT,ORDER_FILL,MARKET_ORDER,USD/CAD,1.24636,101,Buy,,,,,0.00000,0.0000,,0.00000,,56.01
65,10/18/2017 05:27:45 PM,PDT,TAKE_PROFIT_ORDER,ON_FILL,,1.24886,,,,,,,,,,,,
66,10/19/2017 08:59:52 AM,PDT,ORDER_FILL,TAKE_PROFIT_ORDER,USD/CAD,1.24886,101,Sell,,,,,-0.00060,0.0000,,0.20220,,56.22
67,10/19/2017 01:00:00 PM,PDT,DAILY_FINANCING,,,,,,,,,,-0.00090,,,,,56.21
,10/19/2017 01:00:00 PM,PDT,DAILY_FINANCING,TradeID: 41,USD/CAD,,,,,,,,-0.00090,,,,,
68,10/19/2017 06:33:54 PM,PDT,MARKET_ORDER,CLIENT_ORDER,USD/CAD,,150,Buy,,,1.25019,,,,,,,
69,10/19/2017 06:33:54 PM,PDT,ORDER_FILL,MARKET_ORDER,USD/CAD,1.24909,150,Buy,,,,,0.00000,0.0000,,0.00000,,56.21
70,10/19/2017 06:33:54 PM,PDT,TAKE_PROFIT_ORDER,ON_FILL,,1.25019,,,,,,,,,,,,
71,10/19/2017 06:56:10 PM,PDT,ORDER_FILL,TAKE_PROFIT_ORDER,USD/CAD,1.25019,150,Sell,,,,,0.00000,0.0000,,0.13200,,56.35
72,10/20/2017 05:30:00 AM,PDT,ORDER_FILL,TAKE_PROFIT_ORDER,USD/CAD,1.25585,100,Sell,,,,,-0.00060,0.0000,,0.09860,,56.44
73,10/24/2017 06:34:40 PM,PDT,MARKET_ORDER,CLIENT_ORDER,AUD/JPY,,10,Buy,,87.43800,88.45800,,,,,,,
74,10/24/2017 06:34:40 PM,PDT,ORDER_FILL,MARKET_ORDER,AUD/JPY,87.94800,10,Buy,,,,,0.00000,0.0000,,0.00000,,56.44
75,10/24/2017 06:34:40 PM,PDT,TAKE_PROFIT_ORDER,ON_FILL,,88.45800,,,,,,,,,,,,
76,10/24/2017 06:34:40 PM,PDT,STOP_LOSS_ORDER,ON_FILL,,87.43800,,,,,,,,,,,,
77,10/24/2017 06:36:13 PM,PDT,ORDER_CANCEL,CLIENT_REQUEST_REPLACED,,,,,,,,,,,,,,
78,10/24/2017 06:36:13 PM,PDT,TAKE_PROFIT_ORDER,REPLACEMENT,,88.19200,,,,,,,,,,,,
79,10/24/2017 06:36:13 PM,PDT,ORDER_CANCEL,CLIENT_REQUEST_REPLACED,,,,,,,,,,,,,,
80,10/24/2017 06:36:13 PM,PDT,STOP_LOSS_ORDER,REPLACEMENT,,87.64200,,,,,,,,,,,,
81,10/25/2017 07:16:22 AM,PDT,ORDER_FILL,STOP_LOSS_ORDER,AUD/JPY,87.64100,10,Sell,,,,,0.00010,0.0000,,-0.02700,,56.42
82,10/25/2017 07:16:22 AM,PDT,ORDER_CANCEL,LINKED_TRADE_CLOSED,,,,,,,,,,,,,,
83,10/25/2017 07:18:30 AM,PDT,MARKET_ORDER,CLIENT_ORDER,AUD/JPY,,20,Buy,,87.48500,87.84500,,,,,,,
84,10/25/2017 07:18:30 AM,PDT,ORDER_FILL,MARKET_ORDER,AUD/JPY,87.69100,20,Buy,,,,,0.00000,0.0000,,0.00000,,56.42
85,10/25/2017 07:18:30 AM,PDT,TAKE_PROFIT_ORDER,ON_FILL,,87.84500,,,,,,,,,,,,
86,10/25/2017 07:18:30 AM,PDT,STOP_LOSS_ORDER,ON_FILL,,87.48500,,,,,,,,,,,,
87,10/25/2017 08:04:26 AM,PDT,ORDER_FILL,STOP_LOSS_ORDER,AUD/JPY,87.48500,20,Sell,,,,,0.00000,0.0000,,-0.03630,,56.38
88,10/25/2017 08:04:26 AM,PDT,ORDER_CANCEL,LINKED_TRADE_CLOSED,,,,,,,,,,,,,,
89,11/14/2017 08:34:48 PM,PST,MARKET_ORDER,CLIENT_ORDER,EUR/USD,,1000,Sell,,,1.17875,,,,,,,
90,11/14/2017 08:34:48 PM,PST,ORDER_FILL,MARKET_ORDER,EUR/USD,1.17945,1000,Sell,,,,,0.00000,0.0000,,0.00000,,56.38
91,11/14/2017 08:34:48 PM,PST,TAKE_PROFIT_ORDER,ON_FILL,,1.17875,,,,,,,,,,,,
92,11/14/2017 08:52:56 PM,PST,ORDER_CANCEL,CLIENT_REQUEST_REPLACED,,,,,,,,,,,,,,
93,11/14/2017 08:52:56 PM,PST,TAKE_PROFIT_ORDER,REPLACEMENT,,1.17870,,,,,,,,,,,,
94,11/14/2017 08:52:56 PM,PST,STOP_LOSS_ORDER,CLIENT_ORDER,,1.18400,,,,,,,,,,,,
95,11/14/2017 08:53:12 PM,PST,ORDER_CANCEL,CLIENT_REQUEST_REPLACED,,,,,,,,,,,,,,
96,11/14/2017 08:53:12 PM,PST,TAKE_PROFIT_ORDER,REPLACEMENT,,1.17878,,,,,,,,,,,,
97,11/14/2017 08:53:12 PM,PST,ORDER_CANCEL,CLIENT_REQUEST_REPLACED,,,,,,,,,,,,,,
98,11/14/2017 08:53:12 PM,PST,STOP_LOSS_ORDER,REPLACEMENT,,1.18408,,,,,,,,,,,,
99,11/14/2017 08:53:12 PM,PST,TRAILING_STOP_LOSS_ORDER,CLIENT_ORDER,,,,,,,,,,,,,,
100,11/14/2017 08:53:29 PM,PST,ORDER_CANCEL,CLIENT_REQUEST_REPLACED,,,,,,,,,,,,,,
101,11/14/2017 08:53:29 PM,PST,TAKE_PROFIT_ORDER,REPLACEMENT,,1.17407,,,,,,,,,,,,
102,11/14/2017 08:53:29 PM,PST,ORDER_CANCEL,CLIENT_REQUEST_REPLACED,,,,,,,,,,,,,,
103,11/14/2017 08:53:29 PM,PST,STOP_LOSS_ORDER,REPLACEMENT,,1.18407,,,,,,,,,,,,
104,11/15/2017 12:50:42 AM,PST,ORDER_FILL,STOP_LOSS_ORDER,EUR/USD,1.18408,1000,Buy,,,,,0.00290,0.0000,1.0000,-4.63000,,51.75
105,11/15/2017 12:50:42 AM,PST,ORDER_CANCEL,LINKED_TRADE_CLOSED,,,,,,,,,,,,,,
106,11/15/2017 12:50:42 AM,PST,ORDER_CANCEL,LINKED_TRADE_CLOSED,,,,,,,,,,,,,,
107,11/15/2017 10:02:07 PM,PST,MARKET_ORDER,CLIENT_ORDER,NZD/USD,,1,Buy,,0.68421,0.68821,,,,,,,
108,11/15/2017 10:02:07 PM,PST,ORDER_FILL,MARKET_ORDER,NZD/USD,0.68621,1,Buy,,,,,0.00000,0.0000,,0.00000,,51.75
109,11/15/2017 10:02:07 PM,PST,TAKE_PROFIT_ORDER,ON_FILL,,0.68821,,,,,,,,,,,,
110,11/15/2017 10:02:07 PM,PST,STOP_LOSS_ORDER,ON_FILL,,0.68421,,,,,,,,,,,,
111,11/16/2017 03:31:15 AM,PST,ORDER_FILL,STOP_LOSS_ORDER,NZD/USD,0.68421,1,Sell,,,,,0.00000,0.0000,1.0000,-0.00200,,51.75
112,11/16/2017 03:31:15 AM,PST,ORDER_CANCEL,LINKED_TRADE_CLOSED,,,,,,,,,,,,,,
113,12/12/2017 07:19:35 PM,PST,TRANSFER_FUNDS,,,,,,,,,,,,,,-51.75,0.00
114,01/17/2018 02:59:36 PM,PST,TRANSFER_FUNDS,,,,,,,,,,,,,,74.85,74.85
115,01/17/2018 03:00:08 PM,PST,MARKET_ORDER,CLIENT_ORDER,EUR/USD,,1,Sell,,,,,,,,,,
116,01/17/2018 03:00:08 PM,PST,ORDER_FILL,MARKET_ORDER,EUR/USD,1.21699,1,Sell,0.0001,,,,0.00000,0.0000,,0.00000,,74.85
117,01/17/2018 05:27:44 PM,PST,MARKET_ORDER,CLIENT_ORDER,NZD/CHF,,1,Buy,,,,,,,,,,
118,01/17/2018 05:27:44 PM,PST,ORDER_FILL,MARKET_ORDER,NZD/CHF,0.70061,1,Buy,0.0002,,,,0.00000,0.0000,,0.00000,,74.85
119,01/17/2018 07:20:58 PM,PST,MARKET_ORDER,CLIENT_ORDER,GBP/JPY,,1,Sell,,,,,,,,,,
120,01/17/2018 07:20:58 PM,PST,ORDER_FILL,MARKET_ORDER,GBP/JPY,153.70100,1,Sell,0.0002,,,,0.00000,0.0000,,0.00000,,74.85
121,01/18/2018 08:46:16 AM,PST,MARKET_IF_TOUCHED_ORDER,CLIENT_ORDER,USD/CNH,6.41750,1,Buy,,,,,,,,,,
122,01/18/2018 08:46:51 AM,PST,MARKET_ORDER,CLIENT_ORDER,USD/CNH,,1,Buy,,,,,,,,,,
123,01/18/2018 08:46:51 AM,PST,ORDER_FILL,MARKET_ORDER,USD/CNH,6.42162,1,Buy,0.0000,,,,0.00000,0.0000,,0.00000,,74.85
124,01/18/2018 10:45:01 AM,PST,MARKET_IF_TOUCHED_ORDER,CLIENT_ORDER,EUR/USD,1.22080,1,Sell,,,,,,,,,,
125,01/18/2018 10:45:35 AM,PST,ORDER_CANCEL,CLIENT_REQUEST_REPLACED,,,,,,,,,,,,,,
126,01/18/2018 10:45:35 AM,PST,MARKET_IF_TOUCHED_ORDER,REPLACEMENT,EUR/USD,1.22630,1,Sell,,,,,,,,,,
127,01/18/2018 01:00:00 PM,PST,DAILY_FINANCING,,,,,,,,,,0.00000,,,,,74.85
,01/18/2018 01:00:00 PM,PST,DAILY_FINANCING,TradeID: 116,EUR/USD,,,,,,,,0.00000,,,,,
,01/18/2018 01:00:00 PM,PST,DAILY_FINANCING,TradeID: 123,USD/CNH,,,,,,,,0.00000,,,,,
,01/18/2018 01:00:00 PM,PST,DAILY_FINANCING,TradeID: 120,GBP/JPY,,,,,,,,0.00000,,,,,
,01/18/2018 01:00:00 PM,PST,DAILY_FINANCING,TradeID: 118,NZD/CHF,,,,,,,,0.00000,,,,,
128,01/18/2018 01:29:35 PM,PST,ORDER_FILL,MARKET_IF_TOUCHED_ORDER,USD/CNH,6.41749,1,Buy,0.0001,,,,0.00000,0.0000,,0.00000,,74.85
129,01/18/2018 05:42:12 PM,PST,MARKET_ORDER,TRADE_CLOSE,USD/CNH,,1,Sell,,,,,,,,,,
130,01/18/2018 05:42:12 PM,PST,ORDER_FILL,MARKET_ORDER_TRADE_CLOSE,USD/CNH,6.39901,1,Sell,0.0001,,,,0.00000,0.0000,0.1562,-0.00350,,74.85
131,01/18/2018 05:42:28 PM,PST,MARKET_ORDER,TRADE_CLOSE,EUR/USD,,1,Buy,,,,,,,,,,
132,01/18/2018 05:42:28 PM,PST,ORDER_FILL,MARKET_ORDER_TRADE_CLOSE,EUR/USD,1.22407,1,Buy,0.0001,,,,0.00000,0.0000,1.0000,-0.00710,,74.84
133,01/18/2018 05:46:39 PM,PST,ORDER_CANCEL,CLIENT_REQUEST,,,,,,,,,,,,,,
134,01/18/2018 05:46:52 PM,PST,MARKET_ORDER,TRADE_CLOSE,USD/CNH,,1,Sell,,,,,,,,,,
135,01/18/2018 05:46:52 PM,PST,ORDER_FILL,MARKET_ORDER_TRADE_CLOSE,USD/CNH,6.39739,1,Sell,0.0001,,,,0.00000,0.0000,0.1563,-0.00310,,74.84
136,01/18/2018 05:47:08 PM,PST,MARKET_ORDER,TRADE_CLOSE,NZD/CHF,,1,Sell,,,,,,,,,,
137,01/18/2018 05:47:08 PM,PST,ORDER_FILL,MARKET_ORDER_TRADE_CLOSE,NZD/CHF,0.69942,1,Sell,0.0002,,,,0.00000,0.0000,1.0428,-0.00120,,74.84
138,01/19/2018 01:00:00 PM,PST,DAILY_FINANCING,,,,,,,,,,0.00000,,,,,74.84
,01/19/2018 01:00:00 PM,PST,DAILY_FINANCING,TradeID: 120,GBP/JPY,,,,,,,,0.00000,,,,,
139,01/20/2018 01:00:00 PM,PST,DAILY_FINANCING,,,,,,,,,,0.00000,,,,,74.84
,01/20/2018 01:00:00 PM,PST,DAILY_FINANCING,TradeID: 120,GBP/JPY,,,,,,,,0.00000,,,,,
140,01/21/2018 01:00:00 PM,PST,DAILY_FINANCING,,,,,,,,,,0.00000,,,,,74.84
,01/21/2018 01:00:00 PM,PST,DAILY_FINANCING,TradeID: 120,GBP/JPY,,,,,,,,0.00000,,,,,
141,01/21/2018 10:12:27 PM,PST,MARKET_ORDER,TRADE_CLOSE,GBP/JPY,,1,Buy,,,,,,,,,,
142,01/21/2018 10:12:27 PM,PST,ORDER_FILL,MARKET_ORDER_TRADE_CLOSE,GBP/JPY,153.70100,1,Buy,0.0001,,,,0.00000,0.0000,,0.00000,,74.84
143,01/28/2018 02:47:13 PM,PST,MARKET_ORDER,CLIENT_ORDER,AUD/NZD,,1,Sell,,,,,,,,,,
144,01/28/2018 02:47:13 PM,PST,ORDER_FILL,MARKET_ORDER,AUD/NZD,1.10272,1,Sell,0.0004,,,,0.00000,0.0000,,0.00000,,74.84
145,01/28/2018 02:48:49 PM,PST,MARKET_ORDER,TRADE_CLOSE,AUD/NZD,,1,Buy,,,,,,,,,,
146,01/28/2018 02:48:49 PM,PST,ORDER_FILL,MARKET_ORDER_TRADE_CLOSE,AUD/NZD,1.10377,1,Buy,0.0003,,,,0.00000,0.0000,0.7351,-0.00080,,74.84
147,01/28/2018 05:04:31 PM,PST,MARKET_ORDER,CLIENT_ORDER,NZD/CHF,,1,Buy,,,,,,,,,,
148,01/28/2018 05:04:31 PM,PST,ORDER_FILL,MARKET_ORDER,NZD/CHF,0.68641,1,Buy,0.0002,,,,0.00000,0.0000,,0.00000,,74.84
149,01/29/2018 01:00:00 PM,PST,DAILY_FINANCING,,,,,,,,,,0.00000,,,,,74.84
,01/29/2018 01:00:00 PM,PST,DAILY_FINANCING,TradeID: 148,NZD/CHF,,,,,,,,0.00000,,,,,
150,01/29/2018 07:58:41 PM,PST,MARKET_ORDER,TRADE_CLOSE,NZD/CHF,,1,Sell,,,,,,,,,,
151,01/29/2018 07:58:41 PM,PST,ORDER_FILL,MARKET_ORDER_TRADE_CLOSE,NZD/CHF,0.68731,1,Sell,0.0002,,,,0.00000,0.0000,1.0667,0.00100,,74.84
152,02/04/2018 04:56:22 PM,PST,MARKET_ORDER,CLIENT_ORDER,NZD/CHF,,1,Buy,,,,,,,,,,
153,02/04/2018 04:56:22 PM,PST,ORDER_FILL,MARKET_ORDER,NZD/CHF,0.67938,1,Buy,0.0002,,,,0.00000,0.0000,,0.00000,,74.84
154,02/05/2018 01:00:00 PM,PST,DAILY_FINANCING,,,,,,,,,,0.00000,,,,,74.84
,02/05/2018 01:00:00 PM,PST,DAILY_FINANCING,TradeID: 153,NZD/CHF,,,,,,,,0.00000,,,,,
155,02/05/2018 09:01:04 PM,PST,TRANSFER_FUNDS,,,,,,,,,,,,,,-74.80,0.04
156,02/06/2018 01:00:00 PM,PST,DAILY_FINANCING,,,,,,,,,,0.00000,,,,,0.04
,02/06/2018 01:00:00 PM,PST,DAILY_FINANCING,TradeID: 153,NZD/CHF,,,,,,,,0.00000,,,,,
157,02/06/2018 04:30:47 PM,PST,TRANSFER_FUNDS,,,,,,,,,,,,,,2000.00,2000.04
158,02/06/2018 08:26:09 PM,PST,MARKET_ORDER,CLIENT_ORDER,NZD/CHF,,5000,Buy,,,0.68496,,,,,,,
159,02/06/2018 08:26:09 PM,PST,ORDER_FILL,MARKET_ORDER,NZD/CHF,0.68346,5000,Buy,0.7755,,,,0.00000,0.0000,,0.00000,,2000.04
160,02/06/2018 08:26:09 PM,PST,TAKE_PROFIT_ORDER,ON_FILL,,0.68496,,,,,,,,,,,,
161,02/06/2018 08:29:25 PM,PST,MARKET_ORDER,TRADE_CLOSE,NZD/CHF,,1,Sell,,,,,,,,,,
162,02/06/2018 08:29:25 PM,PST,ORDER_FILL,MARKET_ORDER_TRADE_CLOSE,NZD/CHF,0.68302,1,Sell,0.0002,,,,0.00000,0.0000,1.0695,0.00390,,2000.04
163,02/07/2018 12:24:31 AM,PST,ORDER_FILL,TAKE_PROFIT_ORDER,NZD/CHF,0.68497,5000,Sell,0.8012,,,,0.01850,0.0000,1.0681,8.06490,,2008.12
164,02/07/2018 11:00:53 AM,PST,MARKET_IF_TOUCHED_ORDER,CLIENT_ORDER,NZD/CHF,0.68406,1,Buy,,,,,,,,,,
165,02/07/2018 11:37:35 AM,PST,ORDER_FILL,MARKET_IF_TOUCHED_ORDER,NZD/CHF,0.68404,1,Buy,0.0001,,,,0.00000,0.0000,,0.00000,,2008.12
166,02/07/2018 01:00:00 PM,PST,DAILY_FINANCING,,,,,,,,,,0.00000,,,,,2008.12
,02/07/2018 01:00:00 PM,PST,DAILY_FINANCING,TradeID: 165,NZD/CHF,,,,,,,,0.00000,,,,,
167,02/07/2018 02:55:23 PM,PST,MARKET_ORDER,CLIENT_ORDER,NZD/CHF,,10000,Buy,,,0.68661,,,,,,,
168,02/07/2018 02:55:23 PM,PST,ORDER_FILL,MARKET_ORDER,NZD/CHF,0.68211,10000,Buy,4.8223,,,,0.00000,0.0000,,0.00000,,2008.12
169,02/07/2018 02:55:23 PM,PST,TAKE_PROFIT_ORDER,ON_FILL,,0.68661,,,,,,,,,,,,
170,02/07/2018 02:55:39 PM,PST,MARKET_ORDER,TRADE_CLOSE,NZD/CHF,,1,Sell,,,,,,,,,,
171,02/07/2018 02:55:39 PM,PST,ORDER_FILL,MARKET_ORDER_TRADE_CLOSE,NZD/CHF,0.68112,1,Sell,0.0004,,,,0.00000,0.0000,1.0605,-0.00310,,2008.12
172,02/07/2018 05:22:21 PM,PST,MARKET_ORDER,CLIENT_ORDER,NZD/CHF,,9999,Buy,,,0.68105,,,,,,,
173,02/07/2018 05:22:21 PM,PST,ORDER_FILL,MARKET_ORDER,NZD/CHF,0.67955,9999,Buy,1.5375,,,,0.00000,0.0000,,0.00000,,2008.12
174,02/07/2018 05:22:21 PM,PST,TAKE_PROFIT_ORDER,ON_FILL,,0.68105,,,,,,,,,,,,
175,02/07/2018 05:23:02 PM,PST,ORDER_CANCEL,CLIENT_REQUEST_REPLACED,,,,,,,,,,,,,,
176,02/07/2018 05:23:02 PM,PST,TAKE_PROFIT_ORDER,REPLACEMENT,,0.68176,,,,,,,,,,,,
177,02/07/2018 07:54:07 PM,PST,ORDER_CANCEL,CLIENT_REQUEST_REPLACED,,,,,,,,,,,,,,
178,02/07/2018 07:54:07 PM,PST,TAKE_PROFIT_ORDER,REPLACEMENT,,0.68515,,,,,,,,,,,,
179,02/08/2018 12:05:52 AM,PST,MARKET_ORDER,TRADE_CLOSE,NZD/CHF,,9999,Sell,,,,,,,,,,
180,02/08/2018 12:05:52 AM,PST,ORDER_FILL,MARKET_ORDER_TRADE_CLOSE,NZD/CHF,0.68052,9999,Sell,1.4301,,,,0.06170,0.0000,1.0593,10.27470,,2018.46
181,02/08/2018 12:05:52 AM,PST,ORDER_CANCEL,LINKED_TRADE_CLOSED,,,,,,,,,,,,,,
182,02/08/2018 06:37:27 AM,PST,MARKET_ORDER,CLIENT_ORDER,NZD/CHF,,11111,Buy,,,0.68246,,,,,,,
183,02/08/2018 06:37:27 AM,PST,ORDER_FILL,MARKET_ORDER,NZD/CHF,0.67892,11111,Buy,1.8921,,,,0.00000,0.0000,,0.00000,,2018.46
184,02/08/2018 06:37:27 AM,PST,TAKE_PROFIT_ORDER,ON_FILL,,0.68246,,,,,,,,,,,,
185,02/08/2018 09:04:37 AM,PST,MARKET_ORDER,CLIENT_ORDER,NZD/CHF,,9999,Buy,,,0.67793,,,,,,,
186,02/08/2018 09:04:37 AM,PST,ORDER_FILL,MARKET_ORDER,NZD/CHF,0.67673,9999,Buy,1.7567,,,,0.00000,0.0000,,0.00000,,2018.46
187,02/08/2018 09:04:37 AM,PST,TAKE_PROFIT_ORDER,ON_FILL,,0.67793,,,,,,,,,,,,
188,02/08/2018 10:18:32 AM,PST,ORDER_FILL,TAKE_PROFIT_ORDER,NZD/CHF,0.67794,9999,Sell,1.5454,,,,0.01130,0.0000,1.0658,12.89510,,2031.36
189,02/08/2018 12:17:51 PM,PST,TRANSFER_FUNDS,,,,,,,,,,,,,,3000.00,5031.36
190,02/08/2018 01:00:00 PM,PST,DAILY_FINANCING,,,,,,,,,,0.26800,,,,,5031.63
,02/08/2018 01:00:00 PM,PST,DAILY_FINANCING,TradeID: 168,NZD/CHF,,,,,,,,0.20290,,,,,
,02/08/2018 01:00:00 PM,PST,DAILY_FINANCING,TradeID: 183,NZD/CHF,,,,,,,,0.06510,,,,,
191,02/08/2018 01:58:55 PM,PST,MARKET_ORDER,CLIENT_ORDER,NZD/CHF,,10256,Buy,,,0.67842,,,,,,,
192,02/08/2018 01:58:55 PM,PST,ORDER_FILL,MARKET_ORDER,NZD/CHF,0.67592,10256,Buy,2.1911,,,,0.00000,0.0000,,0.00000,,5031.63
193,02/08/2018 01:58:55 PM,PST,TAKE_PROFIT_ORDER,ON_FILL,,0.67842,,,,,,,,,,,,
194,02/08/2018 08:36:33 PM,PST,MARKET_ORDER,TRADE_CLOSE,NZD/CHF,,10256,Sell,,,,,,,,,,
195,02/08/2018 08:36:33 PM,PST,ORDER_FILL,MARKET_ORDER_TRADE_CLOSE,NZD/CHF,0.67720,10256,Sell,1.6400,,,,0.06250,0.0000,1.0659,13.99330,,5045.69
196,02/08/2018 08:36:33 PM,PST,ORDER_CANCEL,LINKED_TRADE_CLOSED,,,,,,,,,,,,,,
197,02/09/2018 06:22:47 AM,PST,MARKET_ORDER,TRADE_CLOSE,NZD/CHF,,11111,Sell,,,,,,,,,,
198,02/09/2018 06:22:47 AM,PST,ORDER_FILL,MARKET_ORDER_TRADE_CLOSE,NZD/CHF,0.67964,11111,Sell,1.5995,,,,0.17820,0.0000,1.0662,8.52980,,5054.40
199,02/09/2018 06:22:47 AM,PST,ORDER_CANCEL,LINKED_TRADE_CLOSED,,,,,,,,,,,,,,
200,02/09/2018 07:11:32 AM,PST,MARKET_ORDER,CLIENT_ORDER,NZD/CHF,,50000,Buy,,,0.68149,,,,,,,
201,02/09/2018 07:11:32 AM,PST,ORDER_FILL,MARKET_ORDER,NZD/CHF,0.68030,50000,Buy,7.7224,,,,0.00000,0.0000,,0.00000,,5054.40
202,02/09/2018 07:11:32 AM,PST,TAKE_PROFIT_ORDER,ON_FILL,,0.68149,,,,,,,,,,,,
203,02/09/2018 07:12:03 AM,PST,ORDER_CANCEL,CLIENT_REQUEST_REPLACED,,,,,,,,,,,,,,
204,02/09/2018 07:12:03 AM,PST,TAKE_PROFIT_ORDER,REPLACEMENT,,0.68112,,,,,,,,,,,,
205,02/09/2018 07:12:26 AM,PST,ORDER_CANCEL,CLIENT_REQUEST_REPLACED,,,,,,,,,,,,,,
206,02/09/2018 07:12:26 AM,PST,TAKE_PROFIT_ORDER,REPLACEMENT,,0.68096,,,,,,,,,,,,
207,02/09/2018 07:22:40 AM,PST,ORDER_CANCEL,CLIENT_REQUEST_REPLACED,,,,,,,,,,,,,,
208,02/09/2018 07:22:40 AM,PST,TAKE_PROFIT_ORDER,REPLACEMENT,,0.68089,,,,,,,,,,,,
209,02/09/2018 07:26:38 AM,PST,ORDER_FILL,TAKE_PROFIT_ORDER,NZD/CHF,0.68091,50000,Sell,8.2531,,,,0.01160,0.0000,1.0647,32.47620,,5086.88
210,02/09/2018 12:55:08 PM,PST,ORDER_CANCEL,CLIENT_REQUEST_REPLACED,,,,,,,,,,,,,,
211,02/09/2018 12:55:08 PM,PST,TAKE_PROFIT_ORDER,REPLACEMENT,,0.68407,,,,,,,,,,,,
212,02/09/2018 12:55:25 PM,PST,ORDER_CANCEL,CLIENT_REQUEST_REPLACED,,,,,,,,,,,,,,
213,02/09/2018 12:55:25 PM,PST,TAKE_PROFIT_ORDER,REPLACEMENT,,0.68303,,,,,,,,,,,,
214,02/09/2018 01:00:00 PM,PST,DAILY_FINANCING,,,,,,,,,,0.22140,,,,,5087.11
,02/09/2018 01:00:00 PM,PST,DAILY_FINANCING,TradeID: 168,NZD/CHF,,,,,,,,0.22140,,,,,
215,02/09/2018 01:47:01 PM,PST,ORDER_CANCEL,CLIENT_REQUEST_REPLACED,,,,,,,,,,,,,,
216,02/09/2018 01:47:01 PM,PST,TAKE_PROFIT_ORDER,REPLACEMENT,,0.68247,,,,,,,,,,,,
217,02/09/2018 01:49:15 PM,PST,TRANSFER_FUNDS,,,,,,,,,,,,,,3000.00,8087.11
218,02/10/2018 01:00:00 PM,PST,DAILY_FINANCING,,,,,,,,,,0.22140,,,,,8087.33
,02/10/2018 01:00:00 PM,PST,DAILY_FINANCING,TradeID: 168,NZD/CHF,,,,,,,,0.22140,,,,,
219,02/11/2018 01:00:00 PM,PST,DAILY_FINANCING,,,,,,,,,,0.22140,,,,,8087.55
,02/11/2018 01:00:00 PM,PST,DAILY_FINANCING,TradeID: 168,NZD/CHF,,,,,,,,0.22140,,,,,
220,02/11/2018 05:02:13 PM,PST,MARKET_ORDER,CLIENT_ORDER,NZD/CHF,,5011,Buy,,,0.68160,,,,,,,
221,02/11/2018 05:02:13 PM,PST,ORDER_FILL,MARKET_ORDER,NZD/CHF,0.68114,5011,Buy,0.8273,,,,0.00000,0.0000,,0.00000,,8087.55
222,02/11/2018 05:02:13 PM,PST,TAKE_PROFIT_ORDER,ON_FILL,,0.68160,,,,,,,,,,,,
223,02/11/2018 05:37:46 PM,PST,TRANSFER_FUNDS,,,,,,,,,,,,,,2000.00,10087.55
224,02/11/2018 07:37:18 PM,PST,ORDER_FILL,TAKE_PROFIT_ORDER,NZD/CHF,0.68161,5011,Sell,0.7743,,,,0.01200,0.0000,1.0655,2.50960,,10090.07
225,02/11/2018 09:43:28 PM,PST,MARKET_ORDER,CLIENT_ORDER,NZD/CHF,,9999,Buy,,,0.68205,,,,,,,
226,02/11/2018 09:43:28 PM,PST,ORDER_FILL,MARKET_ORDER,NZD/CHF,0.68175,9999,Buy,1.5986,,,,0.00000,0.0000,,0.00000,,10090.07
227,02/11/2018 09:43:28 PM,PST,TAKE_PROFIT_ORDER,ON_FILL,,0.68205,,,,,,,,,,,,
228,02/12/2018 07:13:17 AM,PST,MARKET_ORDER,CLIENT_ORDER,NZD/CHF,,11111,Buy,,,0.68094,,,,,,,
229,02/12/2018 07:13:17 AM,PST,ORDER_FILL,MARKET_ORDER,NZD/CHF,0.68004,11111,Buy,1.5984,,,,0.00000,0.0000,,0.00000,,10090.07
230,02/12/2018 07:13:17 AM,PST,TAKE_PROFIT_ORDER,ON_FILL,,0.68094,,,,,,,,,,,,
231,02/12/2018 08:34:07 AM,PST,MARKET_ORDER,CLIENT_ORDER,NZD/CHF,,6666,Buy,,,0.68008,,,,,,,
232,02/12/2018 08:34:07 AM,PST,ORDER_FILL,MARKET_ORDER,NZD/CHF,0.67957,6666,Buy,0.9945,,,,0.00000,0.0000,,0.00000,,10090.07
233,02/12/2018 08:34:07 AM,PST,TAKE_PROFIT_ORDER,ON_FILL,,0.68008,,,,,,,,,,,,
234,02/12/2018 09:15:31 AM,PST,ORDER_CANCEL,CLIENT_REQUEST_REPLACED,,,,,,,,,,,,,,
235,02/12/2018 09:15:31 AM,PST,TAKE_PROFIT_ORDER,REPLACEMENT,,0.68053,,,,,,,,,,,,
236,02/12/2018 12:12:58 PM,PST,ORDER_FILL,TAKE_PROFIT_ORDER,NZD/CHF,0.68054,6666,Sell,0.9940,,,,0.02240,0.0000,1.0649,6.88620,,10096.98
237,02/12/2018 12:19:21 PM,PST,MARKET_ORDER,TRADE_CLOSE,NZD/CHF,,11111,Sell,,,,,,,,,,
238,02/12/2018 12:19:21 PM,PST,ORDER_FILL,MARKET_ORDER_TRADE_CLOSE,NZD/CHF,0.68045,11111,Sell,1.5980,,,,0.05230,0.0000,1.0652,4.85280,,10101.88
239,02/12/2018 12:19:21 PM,PST,ORDER_CANCEL,LINKED_TRADE_CLOSED,,,,,,,,,,,,,,
240,02/12/2018 01:00:00 PM,PST,DAILY_FINANCING,,,,,,,,,,0.36250,,,,,10102.25
,02/12/2018 01:00:00 PM,PST,DAILY_FINANCING,TradeID: 168,NZD/CHF,,,,,,,,0.22150,,,,,
,02/12/2018 01:00:00 PM,PST,DAILY_FINANCING,TradeID: 226,NZD/CHF,,,,,,,,0.14100,,,,,
241,02/12/2018 01:53:29 PM,PST,ORDER_FILL,TAKE_PROFIT_ORDER,NZD/CHF,0.68207,9999,Sell,2.2354,,,,0.00820,0.0000,1.0644,3.40580,,10105.66
242,02/12/2018 01:57:10 PM,PST,MARKET_ORDER,TRADE_CLOSE,NZD/CHF,,10000,Sell,,,,,,,,,,
243,02/12/2018 01:57:10 PM,PST,ORDER_FILL,MARKET_ORDER_TRADE_CLOSE,NZD/CHF,0.68213,10000,Sell,2.3424,,,,0.00880,0.0000,1.0645,0.21290,,10105.88
244,02/12/2018 01:57:10 PM,PST,ORDER_CANCEL,LINKED_TRADE_CLOSED,,,,,,,,,,,,,,
245,02/12/2018 01:58:23 PM,PST,MARKET_ORDER,CLIENT_ORDER,NZD/CHF,,5000,Sell,,,0.68195,,,,,,,
246,02/12/2018 01:58:23 PM,PST,ORDER_FILL,MARKET_ORDER,NZD/CHF,0.68214,5000,Sell,1.1445,,,,0.00000,0.0000,,0.00000,,10105.88
247,02/12/2018 01:58:23 PM,PST,TAKE_PROFIT_ORDER,ON_FILL,,0.68195,,,,,,,,,,,,
248,02/12/2018 02:42:11 PM,PST,ORDER_CANCEL,CLIENT_REQUEST_REPLACED,,,,,,,,,,,,,,
249,02/12/2018 02:42:11 PM,PST,TAKE_PROFIT_ORDER,REPLACEMENT,,0.68168,,,,,,,,,,,,
250,02/12/2018 03:41:13 PM,PST,ORDER_FILL,TAKE_PROFIT_ORDER,NZD/CHF,0.68167,5000,Buy,0.7990,,,,-0.03380,0.0000,1.0652,2.50340,,10108.35
251,02/12/2018 04:09:36 PM,PST,MARKET_ORDER,CLIENT_ORDER,GBP/JPY,,15000,Buy,,,150.45200,,,,,,,
252,02/12/2018 04:09:36 PM,PST,ORDER_FILL,MARKET_ORDER,GBP/JPY,150.43200,15000,Buy,2.0016,,,,0.00000,0.0000,,0.00000,,10108.35
253,02/12/2018 04:09:36 PM,PST,TAKE_PROFIT_ORDER,ON_FILL,,150.45200,,,,,,,,,,,,
254,02/12/2018 04:25:18 PM,PST,ORDER_CANCEL,CLIENT_REQUEST_REPLACED,,,,,,,,,,,,,,
255,02/12/2018 04:25:18 PM,PST,TAKE_PROFIT_ORDER,REPLACEMENT,,150.49200,,,,,,,,,,,,
256,02/12/2018 04:47:08 PM,PST,ORDER_FILL,TAKE_PROFIT_ORDER,GBP/JPY,150.49300,15000,Sell,1.8625,,,,-0.00530,0.0000,0.0091,8.41500,,10116.76
257,02/12/2018 05:16:57 PM,PST,MARKET_ORDER,CLIENT_ORDER,NZD/CHF,,20000,Buy,,,0.68156,,,,,,,
258,02/12/2018 05:16:57 PM,PST,ORDER_FILL,MARKET_ORDER,NZD/CHF,0.68076,20000,Buy,3.0896,,,,0.00000,0.0000,,0.00000,,10116.76
259,02/12/2018 05:16:57 PM,PST,TAKE_PROFIT_ORDER,ON_FILL,,0.68156,,,,,,,,,,,,
260,02/12/2018 05:20:15 PM,PST,ORDER_CANCEL,CLIENT_REQUEST_REPLACED,,,,,,,,,,,,,,
261,02/12/2018 05:20:15 PM,PST,TAKE_PROFIT_ORDER,REPLACEMENT,,0.68107,,,,,,,,,,,,
262,02/12/2018 05:30:48 PM,PST,ORDER_FILL,TAKE_PROFIT_ORDER,NZD/CHF,0.68107,20000,Sell,3.3020,,,,0.00430,0.0000,1.0650,6.60330,,10123.37
263,02/12/2018 05:41:08 PM,PST,MARKET_ORDER,CLIENT_ORDER,NZD/CHF,,15000,Sell,,,0.68101,,,,,,,
264,02/12/2018 05:41:08 PM,PST,ORDER_FILL,MARKET_ORDER,NZD/CHF,0.68121,15000,Sell,2.3971,,,,0.00000,0.0000,,0.00000,,10123.37
265,02/12/2018 05:41:08 PM,PST,TAKE_PROFIT_ORDER,ON_FILL,,0.68101,,,,,,,,,,,,
266,02/12/2018 05:50:11 PM,PST,ORDER_FILL,TAKE_PROFIT_ORDER,NZD/CHF,0.68099,15000,Buy,2.1574,,,,-0.00900,0.0000,1.0652,3.51550,,10126.88
267,02/12/2018 05:52:35 PM,PST,MARKET_ORDER,CLIENT_ORDER,AUD/USD,,9999,Sell,,,0.78572,,,,,,,
268,02/12/2018 05:52:35 PM,PST,ORDER_FILL,MARKET_ORDER,AUD/USD,0.78622,9999,Sell,0.5999,,,,0.00000,0.0000,,0.00000,,10126.88
269,02/12/2018 05:52:35 PM,PST,TAKE_PROFIT_ORDER,ON_FILL,,0.78572,,,,,,,,,,,,
270,02/12/2018 07:04:20 PM,PST,ORDER_CANCEL,CLIENT_REQUEST_REPLACED,,,,,,,,,,,,,,
271,02/12/2018 07:04:20 PM,PST,TAKE_PROFIT_ORDER,REPLACEMENT,,0.78588,,,,,,,,,,,,
272,02/12/2018 07:10:06 PM,PST,TRANSFER_FUNDS,,,,,,,,,,,,,,-2000.00,8126.88
273,02/12/2018 07:28:25 PM,PST,MARKET_ORDER,CLIENT_ORDER,AUD/USD,,9998,Sell,,,0.78664,,,,,,,
274,02/12/2018 07:28:25 PM,PST,ORDER_FILL,MARKET_ORDER,AUD/USD,0.78714,9998,Sell,0.6999,,,,0.00000,0.0000,,0.00000,,8126.88
275,02/12/2018 07:28:25 PM,PST,TAKE_PROFIT_ORDER,ON_FILL,,0.78664,,,,,,,,,,,,
276,02/12/2018 07:50:12 PM,PST,ORDER_FILL,TAKE_PROFIT_ORDER,AUD/USD,0.78663,9998,Buy,0.6499,,,,-0.00280,0.0000,1.0000,5.09900,,8131.97
277,02/12/2018 11:19:39 PM,PST,ORDER_FILL,TAKE_PROFIT_ORDER,AUD/USD,0.78588,9999,Buy,0.6999,,,,-0.04220,0.0000,1.0000,3.39970,,8135.33
278,02/13/2018 07:12:38 AM,PST,MARKET_IF_TOUCHED_ORDER,CLIENT_ORDER,NZD/CHF,0.67920,50000,Buy,,,0.68010,,,,,,,
279,02/13/2018 08:20:58 AM,PST,ORDER_CANCEL,CLIENT_REQUEST_REPLACED,,,,,,,,,,,,,,
280,02/13/2018 08:20:58 AM,PST,MARKET_IF_TOUCHED_ORDER,REPLACEMENT,NZD/CHF,0.67970,50000,Buy,,,0.68010,,,,,,,
281,02/13/2018 08:21:17 AM,PST,ORDER_CANCEL,CLIENT_REQUEST_REPLACED,,,,,,,,,,,,,,
282,02/13/2018 08:21:17 AM,PST,MARKET_IF_TOUCHED_ORDER,REPLACEMENT,NZD/CHF,0.67985,50000,Buy,,,0.68010,,,,,,,
283,02/13/2018 08:37:08 AM,PST,ORDER_CANCEL,CLIENT_REQUEST_REPLACED,,,,,,,,,,,,,,
284,02/13/2018 08:37:08 AM,PST,MARKET_IF_TOUCHED_ORDER,REPLACEMENT,NZD/CHF,0.67985,50000,Buy,,,0.67995,,,,,,,
285,02/13/2018 08:37:17 AM,PST,ORDER_CANCEL,CLIENT_REQUEST_REPLACED,,,,,,,,,,,,,,
286,02/13/2018 08:37:17 AM,PST,MARKET_IF_TOUCHED_ORDER,REPLACEMENT,NZD/CHF,0.67985,50000,Buy,,,0.67995,,,,,,,
287,02/13/2018 08:46:04 AM,PST,ORDER_CANCEL,CLIENT_REQUEST_REPLACED,,,,,,,,,,,,,,
288,02/13/2018 08:46:04 AM,PST,MARKET_IF_TOUCHED_ORDER,REPLACEMENT,NZD/CHF,0.67901,50000,Buy,,,0.67995,,,,,,,
289,02/13/2018 08:46:21 AM,PST,ORDER_CANCEL,CLIENT_REQUEST_REPLACED,,,,,,,,,,,,,,
290,02/13/2018 08:46:21 AM,PST,MARKET_IF_TOUCHED_ORDER,REPLACEMENT,NZD/CHF,0.67950,50000,Buy,,,0.67995,,,,,,,
291,02/13/2018 10:02:33 AM,PST,ORDER_CANCEL,CLIENT_REQUEST_REPLACED,,,,,,,,,,,,,,
292,02/13/2018 10:02:33 AM,PST,MARKET_IF_TOUCHED_ORDER,REPLACEMENT,NZD/CHF,0.67940,50000,Buy,,,0.68090,,,,,,,
293,02/13/2018 10:02:49 AM,PST,ORDER_CANCEL,CLIENT_REQUEST_REPLACED,,,,,,,,,,,,,,
294,02/13/2018 10:02:49 AM,PST,MARKET_IF_TOUCHED_ORDER,REPLACEMENT,NZD/CHF,0.67950,50000,Buy,,,0.68090,,,,,,,
295,02/13/2018 10:08:28 AM,PST,ORDER_FILL,MARKET_IF_TOUCHED_ORDER,NZD/CHF,0.67948,50000,Buy,8.5738,,,,0.00000,0.0000,,0.00000,,8135.33
296,02/13/2018 10:08:28 AM,PST,TAKE_PROFIT_ORDER,ON_FILL,,0.68090,,,,,,,,,,,,
297,02/13/2018 12:35:02 PM,PST,MARKET_ORDER,TRADE_CLOSE,NZD/CHF,,50000,Sell,,,,,,,,,,
298,02/13/2018 12:35:02 PM,PST,ORDER_FILL,MARKET_ORDER_TRADE_CLOSE,NZD/CHF,0.68038,50000,Sell,6.9530,,,,0.11320,0.0000,1.0695,48.13190,,8183.57
299,02/13/2018 12:35:02 PM,PST,ORDER_CANCEL,LINKED_TRADE_CLOSED,,,,,,,,,,,,,,
300,02/13/2018 12:35:13 PM,PST,MARKET_ORDER,CLIENT_ORDER,NZD/CHF,,1,Buy,,,,,,,,,,
